{
  "train_runtime": 2439.3952,
  "train_samples_per_second": 2.069,
  "train_steps_per_second": 0.13,
  "total_flos": 2.3406543796332134e+17,
  "train_loss": 0.08350367699396101,
  "epoch": 2.0
}