{
  "n_renders": 3800,
  "n_truncations": 2544,
  "rate": 0.6694736842105263,
  "total_steps_dropped": 101557,
  "mean_dropped_per_truncation": 39.92020440251572
}